-- drop objects
drop table x03_dipendente cascade constraints;
drop table x03_cliente cascade constraints;
drop table x03_stato cascade constraints;
drop table x03_commessa cascade constraints;
drop table x03_attivita cascade constraints;

-- create tables
create table x03_dipendente (
    id                             number generated by default on null as identity 
                                   constraint x03_dipendente_id_pk primary key,
    dipendente                     varchar2(9 char)
                                   constraint x03_dipendente_dipendente_unq unique not null,
    tariffa                        number not null
)
;

create table x03_cliente (
    id                             number generated by default on null as identity 
                                   constraint x03_cliente_id_pk primary key,
    cliente                        varchar2(10 char)
                                   constraint x03_cliente_cliente_unq unique not null,
    logo                           blob,
    logo_filename                  varchar2(512 char),
    logo_mimetype                  varchar2(512 char),
    logo_charset                   varchar2(512 char),
    logo_lastupd                   date
)
;

create table x03_stato (
    id                             number generated by default on null as identity 
                                   constraint x03_stato_id_pk primary key,
    stato                          varchar2(14 char)
                                   constraint x03_stato_stato_unq unique not null,
    stato_class                    varchar2(50 char)
)
;

create table x03_commessa (
    id                             number generated by default on null as identity 
                                   constraint x03_commessa_id_pk primary key,
    commessa                       varchar2(6 char)
                                   constraint x03_commessa_commessa_unq unique
)
;

create table x03_attivita (
    id                             number generated by default on null as identity 
                                   constraint x03_attivita_id_pk primary key,
    dipendente_id                  number
                                   constraint x03_attivita_dipendente_id_fk
                                   references x03_dipendente not null,
    cliente_id                     number
                                   constraint x03_attivita_cliente_id_fk
                                   references x03_cliente not null,
    commessa_id                    number
                                   constraint x03_attivita_commessa_id_fk
                                   references x03_commessa not null,
    stato_id                       number
                                   constraint x03_attivita_stato_id_fk
                                   references x03_stato not null,
    data                           date not null,
    ore                            number not null
)
;

-- table index
create index x03_attivita_i1 on x03_attivita (cliente_id);
create index x03_attivita_i142 on x03_attivita (commessa_id);
create index x03_attivita_i153 on x03_attivita (dipendente_id);
create index x03_attivita_i164 on x03_attivita (stato_id);

-- load data
 
insert into x03_dipendente (
    id,
    dipendente,
    tariffa
) values (
    1,
    'FRANCESCA',
    200
);

insert into x03_dipendente (
    id,
    dipendente,
    tariffa
) values (
    2,
    'ANNA',
    150
);

insert into x03_dipendente (
    id,
    dipendente,
    tariffa
) values (
    3,
    'MARCO',
    100
);

commit;

alter table x03_dipendente
modify id generated always as identity restart start with 4;
 
-- load data
-- load data
 
insert into x03_cliente (
    id,
    cliente,
    logo,
    logo_filename,
    logo_mimetype,
    logo_charset,
    logo_lastupd
) values (
    1,
    'CLIENTE_01',
    null,
    'Client Library Upgrade',
    'Et ultrices posuere cubilia Curae; Proin vulputate placerat pellentesque. Proin viverra lacinialectus, quis consectetur mi venenatis nec. Donec convallis sollicitudin elementum. Nulla facilisi. In posuere blandit leoeget malesuada. Vivamus efficitur ipsum tellus, quis posuere mi maximus vitae. Quisque tortor odio, feugiat eget sagittisvel, pretium ut metus. Duis et commodo arcu.',
    'Commodo ullamcorper.Interdum et malesuada fames ac ante ipsum primis in faucibus. Ut id nulla.',
    sysdate - 57
);

insert into x03_cliente (
    id,
    cliente,
    logo,
    logo_filename,
    logo_mimetype,
    logo_charset,
    logo_lastupd
) values (
    2,
    'CLIENTE_02',
    null,
    'Agile Scrum Training',
    'Venenatis nec. Donec convallis sollicitudin elementum. Nulla facilisi. In posuere blandit leoeget malesuada. Vivamus efficitur ipsum.',
    'Vitae ligula commodo, dictum lorem sit amet, imperdiet ex. Etiam cursus porttitor tincidunt. Vestibulum ante ipsumprimis in faucibus orci luctus et ultrices posuere cubilia Curae; Proin vulputate placerat pellentesque. Proin viverra lacinialectus, quis consectetur mi venenatis nec. Donec convallis sollicitudin elementum. Nulla facilisi. In posuere blandit leoeget malesuada. Vivamus efficitur ipsum tellus, quis posuere mi maximus vitae.',
    sysdate - 97
);

insert into x03_cliente (
    id,
    cliente,
    logo,
    logo_filename,
    logo_mimetype,
    logo_charset,
    logo_lastupd
) values (
    3,
    'CLIENTE_03',
    null,
    'Elastic Rightsize Automation',
    'Arcu in massa pharetra, id mattis risus rhoncus.Cras vulputate porttitor ligula. Nam semper diam suscipit elementum sodales. Proin sit amet massa eu lorem commodo ullamcorper.Interdum et malesuada fames ac ante ipsum primis in.',
    'Et ultrices posuere cubilia Curae; Proin vulputate placerat pellentesque. Proin viverra lacinialectus, quis consectetur mi venenatis nec. Donec convallis sollicitudin elementum. Nulla facilisi. In posuere blandit leoeget malesuada. Vivamus efficitur ipsum tellus, quis posuere mi maximus vitae. Quisque tortor odio, feugiat eget sagittisvel, pretium ut metus. Duis et commodo arcu.',
    sysdate - 46
);

commit;

alter table x03_cliente
modify id generated always as identity restart start with 4;
 
-- load data
 
insert into x03_stato (
    id,
    stato,
    stato_class
) values (
    1,
    '10_DA_INIZIARE',
    'Pellentesque Proin Viverra Lacinialectus'
);

insert into x03_stato (
    id,
    stato,
    stato_class
) values (
    2,
    '20_INIZIATO',
    'Porttitor Tincidunt Vestibulum Ante'
);

insert into x03_stato (
    id,
    stato,
    stato_class
) values (
    3,
    '30_CONCLUSO',
    'Ullamcorperinterdum Et Malesuada Fames'
);

commit;

alter table x03_stato
modify id generated always as identity restart start with 4;
 
-- load data
 
insert into x03_commessa (
    id,
    commessa
) values (
    1,
    'COMM01'
);

insert into x03_commessa (
    id,
    commessa
) values (
    2,
    'COMM02'
);

insert into x03_commessa (
    id,
    commessa
) values (
    3,
    'COMM03'
);

commit;

alter table x03_commessa
modify id generated always as identity restart start with 4;
 
-- load data
 
insert into x03_attivita (
    id,
    dipendente_id,
    cliente_id,
    commessa_id,
    stato_id,
    data,
    ore
) values (
    1,
    2,
    1,
    2,
    2,
    sysdate - 65,
    68
);

insert into x03_attivita (
    id,
    dipendente_id,
    cliente_id,
    commessa_id,
    stato_id,
    data,
    ore
) values (
    2,
    1,
    2,
    2,
    1,
    sysdate - 37,
    78
);

insert into x03_attivita (
    id,
    dipendente_id,
    cliente_id,
    commessa_id,
    stato_id,
    data,
    ore
) values (
    3,
    1,
    3,
    3,
    2,
    sysdate - 41,
    36
);

insert into x03_attivita (
    id,
    dipendente_id,
    cliente_id,
    commessa_id,
    stato_id,
    data,
    ore
) values (
    4,
    1,
    1,
    2,
    3,
    sysdate - 77,
    40
);

insert into x03_attivita (
    id,
    dipendente_id,
    cliente_id,
    commessa_id,
    stato_id,
    data,
    ore
) values (
    5,
    1,
    3,
    2,
    1,
    sysdate - 66,
    35
);

insert into x03_attivita (
    id,
    dipendente_id,
    cliente_id,
    commessa_id,
    stato_id,
    data,
    ore
) values (
    6,
    1,
    2,
    2,
    2,
    sysdate - 89,
    65
);

insert into x03_attivita (
    id,
    dipendente_id,
    cliente_id,
    commessa_id,
    stato_id,
    data,
    ore
) values (
    7,
    2,
    3,
    1,
    2,
    sysdate - 62,
    77
);

insert into x03_attivita (
    id,
    dipendente_id,
    cliente_id,
    commessa_id,
    stato_id,
    data,
    ore
) values (
    8,
    1,
    3,
    1,
    3,
    sysdate - 29,
    81
);

insert into x03_attivita (
    id,
    dipendente_id,
    cliente_id,
    commessa_id,
    stato_id,
    data,
    ore
) values (
    9,
    1,
    3,
    3,
    3,
    sysdate - 92,
    27
);

insert into x03_attivita (
    id,
    dipendente_id,
    cliente_id,
    commessa_id,
    stato_id,
    data,
    ore
) values (
    10,
    3,
    3,
    2,
    1,
    sysdate - 27,
    60
);

insert into x03_attivita (
    id,
    dipendente_id,
    cliente_id,
    commessa_id,
    stato_id,
    data,
    ore
) values (
    11,
    3,
    3,
    3,
    2,
    sysdate - 16,
    88
);

insert into x03_attivita (
    id,
    dipendente_id,
    cliente_id,
    commessa_id,
    stato_id,
    data,
    ore
) values (
    12,
    3,
    1,
    1,
    2,
    sysdate - 70,
    47
);

insert into x03_attivita (
    id,
    dipendente_id,
    cliente_id,
    commessa_id,
    stato_id,
    data,
    ore
) values (
    13,
    1,
    2,
    1,
    2,
    sysdate - 94,
    63
);

insert into x03_attivita (
    id,
    dipendente_id,
    cliente_id,
    commessa_id,
    stato_id,
    data,
    ore
) values (
    14,
    2,
    3,
    3,
    1,
    sysdate - 76,
    26
);

insert into x03_attivita (
    id,
    dipendente_id,
    cliente_id,
    commessa_id,
    stato_id,
    data,
    ore
) values (
    15,
    1,
    1,
    2,
    2,
    sysdate - 26,
    63
);

insert into x03_attivita (
    id,
    dipendente_id,
    cliente_id,
    commessa_id,
    stato_id,
    data,
    ore
) values (
    16,
    3,
    1,
    3,
    3,
    sysdate - 21,
    59
);

insert into x03_attivita (
    id,
    dipendente_id,
    cliente_id,
    commessa_id,
    stato_id,
    data,
    ore
) values (
    17,
    1,
    3,
    2,
    2,
    sysdate - 14,
    65
);

insert into x03_attivita (
    id,
    dipendente_id,
    cliente_id,
    commessa_id,
    stato_id,
    data,
    ore
) values (
    18,
    3,
    3,
    3,
    1,
    sysdate - 64,
    27
);

insert into x03_attivita (
    id,
    dipendente_id,
    cliente_id,
    commessa_id,
    stato_id,
    data,
    ore
) values (
    19,
    2,
    1,
    3,
    1,
    sysdate - 81,
    100
);

insert into x03_attivita (
    id,
    dipendente_id,
    cliente_id,
    commessa_id,
    stato_id,
    data,
    ore
) values (
    20,
    3,
    3,
    2,
    2,
    sysdate - 44,
    48
);

insert into x03_attivita (
    id,
    dipendente_id,
    cliente_id,
    commessa_id,
    stato_id,
    data,
    ore
) values (
    21,
    1,
    2,
    1,
    1,
    sysdate - 3,
    76
);

insert into x03_attivita (
    id,
    dipendente_id,
    cliente_id,
    commessa_id,
    stato_id,
    data,
    ore
) values (
    22,
    2,
    3,
    2,
    2,
    sysdate - 78,
    92
);

insert into x03_attivita (
    id,
    dipendente_id,
    cliente_id,
    commessa_id,
    stato_id,
    data,
    ore
) values (
    23,
    3,
    3,
    2,
    2,
    sysdate - 27,
    62
);

insert into x03_attivita (
    id,
    dipendente_id,
    cliente_id,
    commessa_id,
    stato_id,
    data,
    ore
) values (
    24,
    1,
    3,
    3,
    2,
    sysdate - 64,
    34
);

insert into x03_attivita (
    id,
    dipendente_id,
    cliente_id,
    commessa_id,
    stato_id,
    data,
    ore
) values (
    25,
    1,
    1,
    3,
    2,
    sysdate - 2,
    39
);

insert into x03_attivita (
    id,
    dipendente_id,
    cliente_id,
    commessa_id,
    stato_id,
    data,
    ore
) values (
    26,
    1,
    1,
    1,
    2,
    sysdate - 82,
    3
);

insert into x03_attivita (
    id,
    dipendente_id,
    cliente_id,
    commessa_id,
    stato_id,
    data,
    ore
) values (
    27,
    2,
    1,
    1,
    3,
    sysdate - 88,
    59
);

insert into x03_attivita (
    id,
    dipendente_id,
    cliente_id,
    commessa_id,
    stato_id,
    data,
    ore
) values (
    28,
    2,
    1,
    1,
    1,
    sysdate - 60,
    87
);

insert into x03_attivita (
    id,
    dipendente_id,
    cliente_id,
    commessa_id,
    stato_id,
    data,
    ore
) values (
    29,
    1,
    2,
    3,
    2,
    sysdate - 89,
    74
);

insert into x03_attivita (
    id,
    dipendente_id,
    cliente_id,
    commessa_id,
    stato_id,
    data,
    ore
) values (
    30,
    1,
    1,
    1,
    2,
    sysdate - 7,
    54
);

insert into x03_attivita (
    id,
    dipendente_id,
    cliente_id,
    commessa_id,
    stato_id,
    data,
    ore
) values (
    31,
    2,
    2,
    2,
    3,
    sysdate - 48,
    11
);

insert into x03_attivita (
    id,
    dipendente_id,
    cliente_id,
    commessa_id,
    stato_id,
    data,
    ore
) values (
    32,
    2,
    3,
    1,
    1,
    sysdate - 75,
    62
);

insert into x03_attivita (
    id,
    dipendente_id,
    cliente_id,
    commessa_id,
    stato_id,
    data,
    ore
) values (
    33,
    3,
    1,
    2,
    2,
    sysdate - 36,
    62
);

insert into x03_attivita (
    id,
    dipendente_id,
    cliente_id,
    commessa_id,
    stato_id,
    data,
    ore
) values (
    34,
    1,
    3,
    1,
    3,
    sysdate - 7,
    66
);

insert into x03_attivita (
    id,
    dipendente_id,
    cliente_id,
    commessa_id,
    stato_id,
    data,
    ore
) values (
    35,
    1,
    3,
    2,
    2,
    sysdate - 47,
    88
);

insert into x03_attivita (
    id,
    dipendente_id,
    cliente_id,
    commessa_id,
    stato_id,
    data,
    ore
) values (
    36,
    2,
    1,
    2,
    3,
    sysdate - 98,
    87
);

insert into x03_attivita (
    id,
    dipendente_id,
    cliente_id,
    commessa_id,
    stato_id,
    data,
    ore
) values (
    37,
    3,
    2,
    1,
    1,
    sysdate - 98,
    3
);

insert into x03_attivita (
    id,
    dipendente_id,
    cliente_id,
    commessa_id,
    stato_id,
    data,
    ore
) values (
    38,
    1,
    1,
    1,
    3,
    sysdate - 70,
    15
);

insert into x03_attivita (
    id,
    dipendente_id,
    cliente_id,
    commessa_id,
    stato_id,
    data,
    ore
) values (
    39,
    2,
    1,
    1,
    2,
    sysdate - 65,
    93
);

insert into x03_attivita (
    id,
    dipendente_id,
    cliente_id,
    commessa_id,
    stato_id,
    data,
    ore
) values (
    40,
    3,
    3,
    3,
    1,
    sysdate - 23,
    38
);

insert into x03_attivita (
    id,
    dipendente_id,
    cliente_id,
    commessa_id,
    stato_id,
    data,
    ore
) values (
    41,
    2,
    1,
    2,
    2,
    sysdate - 36,
    9
);

insert into x03_attivita (
    id,
    dipendente_id,
    cliente_id,
    commessa_id,
    stato_id,
    data,
    ore
) values (
    42,
    3,
    2,
    3,
    3,
    sysdate - 86,
    64
);

insert into x03_attivita (
    id,
    dipendente_id,
    cliente_id,
    commessa_id,
    stato_id,
    data,
    ore
) values (
    43,
    2,
    3,
    1,
    1,
    sysdate - 7,
    23
);

insert into x03_attivita (
    id,
    dipendente_id,
    cliente_id,
    commessa_id,
    stato_id,
    data,
    ore
) values (
    44,
    1,
    3,
    1,
    1,
    sysdate - 92,
    48
);

insert into x03_attivita (
    id,
    dipendente_id,
    cliente_id,
    commessa_id,
    stato_id,
    data,
    ore
) values (
    45,
    1,
    1,
    1,
    1,
    sysdate - 56,
    83
);

insert into x03_attivita (
    id,
    dipendente_id,
    cliente_id,
    commessa_id,
    stato_id,
    data,
    ore
) values (
    46,
    1,
    2,
    3,
    2,
    sysdate - 32,
    94
);

insert into x03_attivita (
    id,
    dipendente_id,
    cliente_id,
    commessa_id,
    stato_id,
    data,
    ore
) values (
    47,
    2,
    2,
    1,
    3,
    sysdate - 22,
    22
);

insert into x03_attivita (
    id,
    dipendente_id,
    cliente_id,
    commessa_id,
    stato_id,
    data,
    ore
) values (
    48,
    3,
    3,
    3,
    3,
    sysdate - 48,
    16
);

insert into x03_attivita (
    id,
    dipendente_id,
    cliente_id,
    commessa_id,
    stato_id,
    data,
    ore
) values (
    49,
    3,
    1,
    2,
    3,
    sysdate - 29,
    51
);

insert into x03_attivita (
    id,
    dipendente_id,
    cliente_id,
    commessa_id,
    stato_id,
    data,
    ore
) values (
    50,
    1,
    1,
    2,
    2,
    sysdate - 67,
    8
);

commit;

alter table x03_attivita
modify id generated always as identity restart start with 51;
 
 
-- Generated by Quick SQL Venerdì Dicembre 16, 2022  09:51:34
 
/*
dipendente /insert 3
  dipendente vc50 /nn /values francesca,anna,marco /unique
  tariffa num /nn /values 200,150,100

cliente /insert 3
  cliente vc50 /nn /values cliente_01,cliente_02,cliente_03 /unique
  logo file

stato /insert 3
  stato vc50 /nn /values 10_da_iniziare, 20_iniziato, 30_concluso,90_annullato /unique
  stato_class vc50

commessa /insert 3
  commessa vc30 /values comm01,comm02,comm03 /unique

attivita /insert 50
  dipendente_id /nn
  cliente_id /nn
  commessa_id /nn
  stato_id /nn
  data d /nn
  ore num /nn
#ondelete:restrict
#drop:true

# settings = { prefix: "X03", onDelete: "RESTRICT", semantics: "CHAR", drop: true, language: "EN", APEX: true }
*/
