-- create tables
create table d171_dipendente (
    id                             number generated by default on null as identity 
                                   constraint d171_dipendente_id_pk primary key,
    dipendente                     varchar2(9 char)
                                   constraint d171_dipendente_dipendente_unq unique not null,
    tariffa                        number not null
)
;

create table d171_cliente (
    id                             number generated by default on null as identity 
                                   constraint d171_cliente_id_pk primary key,
    cliente                        varchar2(10 char)
                                   constraint d171_cliente_cliente_unq unique not null
)
;

create table d171_commessa (
    id                             number generated by default on null as identity 
                                   constraint d171_commessa_id_pk primary key,
    commessa                       varchar2(6 char)
                                   constraint d171_commessa_commessa_unq unique not null
)
;

create table d171_attivita (
    id                             number generated by default on null as identity 
                                   constraint d171_attivita_id_pk primary key,
    dipendente_id                  number
                                   constraint d171_attivita_dipendente_id_fk
                                   references d171_dipendente not null,
    cliente_id                     number
                                   constraint d171_attivita_cliente_id_fk
                                   references d171_cliente not null,
    commessa_id                    number
                                   constraint d171_attivita_commessa_id_fk
                                   references d171_commessa not null,
    data                           date not null,
    ore                            number not null
)
;

-- table index
create index d171_attivita_i1 on d171_attivita (cliente_id);
create index d171_attivita_i112 on d171_attivita (commessa_id);
create index d171_attivita_i123 on d171_attivita (dipendente_id);

-- load data
 
insert into d171_dipendente (
    id,
    dipendente,
    tariffa
) values (
    1,
    'FRANCESCA',
    200
);

insert into d171_dipendente (
    id,
    dipendente,
    tariffa
) values (
    2,
    'MARCO',
    150
);

insert into d171_dipendente (
    id,
    dipendente,
    tariffa
) values (
    3,
    'ANNA',
    200
);

insert into d171_dipendente (
    id,
    dipendente,
    tariffa
) values (
    4,
    'SIMONE',
    150
);

insert into d171_dipendente (
    id,
    dipendente,
    tariffa
) values (
    5,
    'PAOLA',
    200
);

commit;

alter table d171_dipendente
modify id generated always as identity restart start with 6;
 
-- load data
-- load data
 
insert into d171_cliente (
    id,
    cliente
) values (
    1,
    'CLIENTE_01'
);

insert into d171_cliente (
    id,
    cliente
) values (
    2,
    'CLIENTE_02'
);

insert into d171_cliente (
    id,
    cliente
) values (
    3,
    'CLIENTE_03'
);

insert into d171_cliente (
    id,
    cliente
) values (
    4,
    'CLIENTE_04'
);

insert into d171_cliente (
    id,
    cliente
) values (
    5,
    'CLIENTE_05'
);

commit;

alter table d171_cliente
modify id generated always as identity restart start with 6;
 
-- load data
 
insert into d171_commessa (
    id,
    commessa
) values (
    1,
    'COMM01'
);

insert into d171_commessa (
    id,
    commessa
) values (
    2,
    'COMM02'
);

insert into d171_commessa (
    id,
    commessa
) values (
    3,
    'COMM03'
);

insert into d171_commessa (
    id,
    commessa
) values (
    4,
    'COMM04'
);

insert into d171_commessa (
    id,
    commessa
) values (
    5,
    'COMM05'
);

commit;

alter table d171_commessa
modify id generated always as identity restart start with 6;
 
-- load data
 
insert into d171_attivita (
    id,
    dipendente_id,
    cliente_id,
    commessa_id,
    data,
    ore
) values (
    1,
    4,
    3,
    5,
    sysdate - 81,
    35
);

insert into d171_attivita (
    id,
    dipendente_id,
    cliente_id,
    commessa_id,
    data,
    ore
) values (
    2,
    4,
    4,
    1,
    sysdate - 72,
    68
);

insert into d171_attivita (
    id,
    dipendente_id,
    cliente_id,
    commessa_id,
    data,
    ore
) values (
    3,
    1,
    5,
    5,
    sysdate - 10,
    68
);

insert into d171_attivita (
    id,
    dipendente_id,
    cliente_id,
    commessa_id,
    data,
    ore
) values (
    4,
    1,
    5,
    4,
    sysdate - 34,
    94
);

insert into d171_attivita (
    id,
    dipendente_id,
    cliente_id,
    commessa_id,
    data,
    ore
) values (
    5,
    2,
    3,
    5,
    sysdate - 65,
    19
);

insert into d171_attivita (
    id,
    dipendente_id,
    cliente_id,
    commessa_id,
    data,
    ore
) values (
    6,
    3,
    2,
    5,
    sysdate - 50,
    86
);

insert into d171_attivita (
    id,
    dipendente_id,
    cliente_id,
    commessa_id,
    data,
    ore
) values (
    7,
    3,
    2,
    3,
    sysdate - 66,
    7
);

insert into d171_attivita (
    id,
    dipendente_id,
    cliente_id,
    commessa_id,
    data,
    ore
) values (
    8,
    4,
    4,
    3,
    sysdate - 28,
    84
);

insert into d171_attivita (
    id,
    dipendente_id,
    cliente_id,
    commessa_id,
    data,
    ore
) values (
    9,
    3,
    4,
    1,
    sysdate - 20,
    47
);

insert into d171_attivita (
    id,
    dipendente_id,
    cliente_id,
    commessa_id,
    data,
    ore
) values (
    10,
    3,
    5,
    4,
    sysdate - 71,
    58
);

insert into d171_attivita (
    id,
    dipendente_id,
    cliente_id,
    commessa_id,
    data,
    ore
) values (
    11,
    2,
    5,
    1,
    sysdate - 33,
    57
);

insert into d171_attivita (
    id,
    dipendente_id,
    cliente_id,
    commessa_id,
    data,
    ore
) values (
    12,
    2,
    3,
    4,
    sysdate - 13,
    95
);

insert into d171_attivita (
    id,
    dipendente_id,
    cliente_id,
    commessa_id,
    data,
    ore
) values (
    13,
    4,
    3,
    2,
    sysdate - 86,
    10
);

insert into d171_attivita (
    id,
    dipendente_id,
    cliente_id,
    commessa_id,
    data,
    ore
) values (
    14,
    3,
    5,
    3,
    sysdate - 76,
    16
);

insert into d171_attivita (
    id,
    dipendente_id,
    cliente_id,
    commessa_id,
    data,
    ore
) values (
    15,
    1,
    3,
    4,
    sysdate - 66,
    8
);

insert into d171_attivita (
    id,
    dipendente_id,
    cliente_id,
    commessa_id,
    data,
    ore
) values (
    16,
    4,
    2,
    1,
    sysdate - 43,
    98
);

insert into d171_attivita (
    id,
    dipendente_id,
    cliente_id,
    commessa_id,
    data,
    ore
) values (
    17,
    2,
    5,
    2,
    sysdate - 29,
    20
);

insert into d171_attivita (
    id,
    dipendente_id,
    cliente_id,
    commessa_id,
    data,
    ore
) values (
    18,
    2,
    2,
    5,
    sysdate - 93,
    35
);

insert into d171_attivita (
    id,
    dipendente_id,
    cliente_id,
    commessa_id,
    data,
    ore
) values (
    19,
    4,
    1,
    5,
    sysdate - 73,
    88
);

insert into d171_attivita (
    id,
    dipendente_id,
    cliente_id,
    commessa_id,
    data,
    ore
) values (
    20,
    5,
    5,
    1,
    sysdate - 85,
    70
);

insert into d171_attivita (
    id,
    dipendente_id,
    cliente_id,
    commessa_id,
    data,
    ore
) values (
    21,
    5,
    1,
    5,
    sysdate - 77,
    76
);

insert into d171_attivita (
    id,
    dipendente_id,
    cliente_id,
    commessa_id,
    data,
    ore
) values (
    22,
    2,
    5,
    1,
    sysdate - 16,
    37
);

insert into d171_attivita (
    id,
    dipendente_id,
    cliente_id,
    commessa_id,
    data,
    ore
) values (
    23,
    2,
    2,
    5,
    sysdate - 63,
    83
);

insert into d171_attivita (
    id,
    dipendente_id,
    cliente_id,
    commessa_id,
    data,
    ore
) values (
    24,
    5,
    1,
    4,
    sysdate - 48,
    41
);

insert into d171_attivita (
    id,
    dipendente_id,
    cliente_id,
    commessa_id,
    data,
    ore
) values (
    25,
    4,
    1,
    2,
    sysdate - 22,
    41
);

insert into d171_attivita (
    id,
    dipendente_id,
    cliente_id,
    commessa_id,
    data,
    ore
) values (
    26,
    1,
    5,
    4,
    sysdate - 60,
    78
);

insert into d171_attivita (
    id,
    dipendente_id,
    cliente_id,
    commessa_id,
    data,
    ore
) values (
    27,
    2,
    3,
    3,
    sysdate - 56,
    92
);

insert into d171_attivita (
    id,
    dipendente_id,
    cliente_id,
    commessa_id,
    data,
    ore
) values (
    28,
    2,
    3,
    1,
    sysdate - 4,
    63
);

insert into d171_attivita (
    id,
    dipendente_id,
    cliente_id,
    commessa_id,
    data,
    ore
) values (
    29,
    4,
    4,
    2,
    sysdate - 26,
    100
);

insert into d171_attivita (
    id,
    dipendente_id,
    cliente_id,
    commessa_id,
    data,
    ore
) values (
    30,
    2,
    4,
    4,
    sysdate - 14,
    64
);

insert into d171_attivita (
    id,
    dipendente_id,
    cliente_id,
    commessa_id,
    data,
    ore
) values (
    31,
    4,
    1,
    4,
    sysdate - 23,
    20
);

insert into d171_attivita (
    id,
    dipendente_id,
    cliente_id,
    commessa_id,
    data,
    ore
) values (
    32,
    5,
    4,
    5,
    sysdate - 55,
    76
);

insert into d171_attivita (
    id,
    dipendente_id,
    cliente_id,
    commessa_id,
    data,
    ore
) values (
    33,
    1,
    2,
    1,
    sysdate - 66,
    15
);

insert into d171_attivita (
    id,
    dipendente_id,
    cliente_id,
    commessa_id,
    data,
    ore
) values (
    34,
    4,
    2,
    3,
    sysdate - 45,
    66
);

insert into d171_attivita (
    id,
    dipendente_id,
    cliente_id,
    commessa_id,
    data,
    ore
) values (
    35,
    5,
    3,
    2,
    sysdate - 89,
    59
);

insert into d171_attivita (
    id,
    dipendente_id,
    cliente_id,
    commessa_id,
    data,
    ore
) values (
    36,
    5,
    1,
    2,
    sysdate - 38,
    88
);

insert into d171_attivita (
    id,
    dipendente_id,
    cliente_id,
    commessa_id,
    data,
    ore
) values (
    37,
    1,
    1,
    2,
    sysdate - 21,
    21
);

insert into d171_attivita (
    id,
    dipendente_id,
    cliente_id,
    commessa_id,
    data,
    ore
) values (
    38,
    3,
    3,
    1,
    sysdate - 25,
    99
);

insert into d171_attivita (
    id,
    dipendente_id,
    cliente_id,
    commessa_id,
    data,
    ore
) values (
    39,
    5,
    3,
    5,
    sysdate - 32,
    31
);

insert into d171_attivita (
    id,
    dipendente_id,
    cliente_id,
    commessa_id,
    data,
    ore
) values (
    40,
    1,
    5,
    3,
    sysdate - 10,
    15
);

insert into d171_attivita (
    id,
    dipendente_id,
    cliente_id,
    commessa_id,
    data,
    ore
) values (
    41,
    3,
    2,
    3,
    sysdate - 37,
    40
);

insert into d171_attivita (
    id,
    dipendente_id,
    cliente_id,
    commessa_id,
    data,
    ore
) values (
    42,
    4,
    1,
    4,
    sysdate - 51,
    71
);

insert into d171_attivita (
    id,
    dipendente_id,
    cliente_id,
    commessa_id,
    data,
    ore
) values (
    43,
    2,
    1,
    1,
    sysdate - 40,
    20
);

insert into d171_attivita (
    id,
    dipendente_id,
    cliente_id,
    commessa_id,
    data,
    ore
) values (
    44,
    2,
    1,
    2,
    sysdate - 72,
    58
);

insert into d171_attivita (
    id,
    dipendente_id,
    cliente_id,
    commessa_id,
    data,
    ore
) values (
    45,
    2,
    3,
    1,
    sysdate - 80,
    57
);

insert into d171_attivita (
    id,
    dipendente_id,
    cliente_id,
    commessa_id,
    data,
    ore
) values (
    46,
    4,
    2,
    5,
    sysdate - 56,
    81
);

insert into d171_attivita (
    id,
    dipendente_id,
    cliente_id,
    commessa_id,
    data,
    ore
) values (
    47,
    4,
    2,
    2,
    sysdate - 9,
    72
);

insert into d171_attivita (
    id,
    dipendente_id,
    cliente_id,
    commessa_id,
    data,
    ore
) values (
    48,
    4,
    1,
    5,
    sysdate - 96,
    61
);

insert into d171_attivita (
    id,
    dipendente_id,
    cliente_id,
    commessa_id,
    data,
    ore
) values (
    49,
    3,
    1,
    4,
    sysdate - 53,
    45
);

insert into d171_attivita (
    id,
    dipendente_id,
    cliente_id,
    commessa_id,
    data,
    ore
) values (
    50,
    3,
    4,
    1,
    sysdate - 52,
    69
);

insert into d171_attivita (
    id,
    dipendente_id,
    cliente_id,
    commessa_id,
    data,
    ore
) values (
    51,
    5,
    2,
    5,
    sysdate - 17,
    6
);

insert into d171_attivita (
    id,
    dipendente_id,
    cliente_id,
    commessa_id,
    data,
    ore
) values (
    52,
    5,
    1,
    5,
    sysdate - 54,
    79
);

insert into d171_attivita (
    id,
    dipendente_id,
    cliente_id,
    commessa_id,
    data,
    ore
) values (
    53,
    3,
    2,
    3,
    sysdate - 64,
    8
);

insert into d171_attivita (
    id,
    dipendente_id,
    cliente_id,
    commessa_id,
    data,
    ore
) values (
    54,
    5,
    5,
    5,
    sysdate - 58,
    71
);

insert into d171_attivita (
    id,
    dipendente_id,
    cliente_id,
    commessa_id,
    data,
    ore
) values (
    55,
    3,
    4,
    4,
    sysdate - 30,
    54
);

insert into d171_attivita (
    id,
    dipendente_id,
    cliente_id,
    commessa_id,
    data,
    ore
) values (
    56,
    1,
    4,
    3,
    sysdate - 24,
    14
);

insert into d171_attivita (
    id,
    dipendente_id,
    cliente_id,
    commessa_id,
    data,
    ore
) values (
    57,
    5,
    5,
    3,
    sysdate - 24,
    23
);

insert into d171_attivita (
    id,
    dipendente_id,
    cliente_id,
    commessa_id,
    data,
    ore
) values (
    58,
    1,
    5,
    4,
    sysdate - 18,
    63
);

insert into d171_attivita (
    id,
    dipendente_id,
    cliente_id,
    commessa_id,
    data,
    ore
) values (
    59,
    4,
    3,
    1,
    sysdate - 71,
    45
);

insert into d171_attivita (
    id,
    dipendente_id,
    cliente_id,
    commessa_id,
    data,
    ore
) values (
    60,
    3,
    1,
    5,
    sysdate - 53,
    98
);

insert into d171_attivita (
    id,
    dipendente_id,
    cliente_id,
    commessa_id,
    data,
    ore
) values (
    61,
    1,
    3,
    4,
    sysdate - 86,
    69
);

insert into d171_attivita (
    id,
    dipendente_id,
    cliente_id,
    commessa_id,
    data,
    ore
) values (
    62,
    2,
    1,
    1,
    sysdate - 69,
    96
);

insert into d171_attivita (
    id,
    dipendente_id,
    cliente_id,
    commessa_id,
    data,
    ore
) values (
    63,
    1,
    5,
    2,
    sysdate - 15,
    60
);

insert into d171_attivita (
    id,
    dipendente_id,
    cliente_id,
    commessa_id,
    data,
    ore
) values (
    64,
    2,
    2,
    1,
    sysdate - 40,
    82
);

insert into d171_attivita (
    id,
    dipendente_id,
    cliente_id,
    commessa_id,
    data,
    ore
) values (
    65,
    4,
    2,
    3,
    sysdate - 49,
    97
);

insert into d171_attivita (
    id,
    dipendente_id,
    cliente_id,
    commessa_id,
    data,
    ore
) values (
    66,
    5,
    5,
    5,
    sysdate - 45,
    75
);

insert into d171_attivita (
    id,
    dipendente_id,
    cliente_id,
    commessa_id,
    data,
    ore
) values (
    67,
    3,
    2,
    3,
    sysdate - 50,
    8
);

insert into d171_attivita (
    id,
    dipendente_id,
    cliente_id,
    commessa_id,
    data,
    ore
) values (
    68,
    2,
    3,
    4,
    sysdate - 12,
    51
);

insert into d171_attivita (
    id,
    dipendente_id,
    cliente_id,
    commessa_id,
    data,
    ore
) values (
    69,
    1,
    1,
    3,
    sysdate - 14,
    38
);

insert into d171_attivita (
    id,
    dipendente_id,
    cliente_id,
    commessa_id,
    data,
    ore
) values (
    70,
    5,
    4,
    1,
    sysdate - 56,
    33
);

insert into d171_attivita (
    id,
    dipendente_id,
    cliente_id,
    commessa_id,
    data,
    ore
) values (
    71,
    3,
    4,
    5,
    sysdate - 95,
    54
);

insert into d171_attivita (
    id,
    dipendente_id,
    cliente_id,
    commessa_id,
    data,
    ore
) values (
    72,
    4,
    4,
    4,
    sysdate - 88,
    76
);

insert into d171_attivita (
    id,
    dipendente_id,
    cliente_id,
    commessa_id,
    data,
    ore
) values (
    73,
    1,
    3,
    2,
    sysdate - 44,
    45
);

insert into d171_attivita (
    id,
    dipendente_id,
    cliente_id,
    commessa_id,
    data,
    ore
) values (
    74,
    4,
    1,
    3,
    sysdate - 67,
    83
);

insert into d171_attivita (
    id,
    dipendente_id,
    cliente_id,
    commessa_id,
    data,
    ore
) values (
    75,
    4,
    3,
    5,
    sysdate - 32,
    11
);

insert into d171_attivita (
    id,
    dipendente_id,
    cliente_id,
    commessa_id,
    data,
    ore
) values (
    76,
    1,
    5,
    3,
    sysdate - 40,
    10
);

insert into d171_attivita (
    id,
    dipendente_id,
    cliente_id,
    commessa_id,
    data,
    ore
) values (
    77,
    4,
    1,
    2,
    sysdate - 70,
    55
);

insert into d171_attivita (
    id,
    dipendente_id,
    cliente_id,
    commessa_id,
    data,
    ore
) values (
    78,
    4,
    3,
    4,
    sysdate - 55,
    66
);

insert into d171_attivita (
    id,
    dipendente_id,
    cliente_id,
    commessa_id,
    data,
    ore
) values (
    79,
    4,
    3,
    5,
    sysdate - 76,
    39
);

insert into d171_attivita (
    id,
    dipendente_id,
    cliente_id,
    commessa_id,
    data,
    ore
) values (
    80,
    5,
    5,
    4,
    sysdate - 86,
    85
);

insert into d171_attivita (
    id,
    dipendente_id,
    cliente_id,
    commessa_id,
    data,
    ore
) values (
    81,
    4,
    4,
    5,
    sysdate - 6,
    6
);

insert into d171_attivita (
    id,
    dipendente_id,
    cliente_id,
    commessa_id,
    data,
    ore
) values (
    82,
    2,
    1,
    1,
    sysdate - 9,
    37
);

insert into d171_attivita (
    id,
    dipendente_id,
    cliente_id,
    commessa_id,
    data,
    ore
) values (
    83,
    3,
    2,
    3,
    sysdate - 39,
    61
);

insert into d171_attivita (
    id,
    dipendente_id,
    cliente_id,
    commessa_id,
    data,
    ore
) values (
    84,
    2,
    3,
    5,
    sysdate - 82,
    78
);

insert into d171_attivita (
    id,
    dipendente_id,
    cliente_id,
    commessa_id,
    data,
    ore
) values (
    85,
    5,
    5,
    4,
    sysdate - 23,
    39
);

insert into d171_attivita (
    id,
    dipendente_id,
    cliente_id,
    commessa_id,
    data,
    ore
) values (
    86,
    5,
    1,
    2,
    sysdate - 66,
    15
);

insert into d171_attivita (
    id,
    dipendente_id,
    cliente_id,
    commessa_id,
    data,
    ore
) values (
    87,
    5,
    5,
    5,
    sysdate - 86,
    40
);

insert into d171_attivita (
    id,
    dipendente_id,
    cliente_id,
    commessa_id,
    data,
    ore
) values (
    88,
    3,
    1,
    4,
    sysdate - 77,
    60
);

insert into d171_attivita (
    id,
    dipendente_id,
    cliente_id,
    commessa_id,
    data,
    ore
) values (
    89,
    3,
    5,
    3,
    sysdate - 96,
    56
);

insert into d171_attivita (
    id,
    dipendente_id,
    cliente_id,
    commessa_id,
    data,
    ore
) values (
    90,
    4,
    5,
    4,
    sysdate - 62,
    8
);

insert into d171_attivita (
    id,
    dipendente_id,
    cliente_id,
    commessa_id,
    data,
    ore
) values (
    91,
    5,
    5,
    1,
    sysdate - 27,
    4
);

insert into d171_attivita (
    id,
    dipendente_id,
    cliente_id,
    commessa_id,
    data,
    ore
) values (
    92,
    4,
    3,
    5,
    sysdate - 43,
    17
);

insert into d171_attivita (
    id,
    dipendente_id,
    cliente_id,
    commessa_id,
    data,
    ore
) values (
    93,
    3,
    4,
    2,
    sysdate - 85,
    54
);

insert into d171_attivita (
    id,
    dipendente_id,
    cliente_id,
    commessa_id,
    data,
    ore
) values (
    94,
    2,
    1,
    5,
    sysdate - 1,
    52
);

insert into d171_attivita (
    id,
    dipendente_id,
    cliente_id,
    commessa_id,
    data,
    ore
) values (
    95,
    2,
    5,
    1,
    sysdate - 78,
    16
);

insert into d171_attivita (
    id,
    dipendente_id,
    cliente_id,
    commessa_id,
    data,
    ore
) values (
    96,
    3,
    2,
    5,
    sysdate - 80,
    45
);

insert into d171_attivita (
    id,
    dipendente_id,
    cliente_id,
    commessa_id,
    data,
    ore
) values (
    97,
    4,
    2,
    5,
    sysdate - 93,
    52
);

insert into d171_attivita (
    id,
    dipendente_id,
    cliente_id,
    commessa_id,
    data,
    ore
) values (
    98,
    2,
    4,
    1,
    sysdate - 1,
    72
);

insert into d171_attivita (
    id,
    dipendente_id,
    cliente_id,
    commessa_id,
    data,
    ore
) values (
    99,
    4,
    1,
    4,
    sysdate - 44,
    94
);

insert into d171_attivita (
    id,
    dipendente_id,
    cliente_id,
    commessa_id,
    data,
    ore
) values (
    100,
    3,
    5,
    1,
    sysdate - 30,
    6
);

insert into d171_attivita (
    id,
    dipendente_id,
    cliente_id,
    commessa_id,
    data,
    ore
) values (
    101,
    2,
    3,
    1,
    sysdate - 51,
    63
);

insert into d171_attivita (
    id,
    dipendente_id,
    cliente_id,
    commessa_id,
    data,
    ore
) values (
    102,
    4,
    5,
    2,
    sysdate - 87,
    85
);

insert into d171_attivita (
    id,
    dipendente_id,
    cliente_id,
    commessa_id,
    data,
    ore
) values (
    103,
    1,
    4,
    3,
    sysdate - 7,
    73
);

insert into d171_attivita (
    id,
    dipendente_id,
    cliente_id,
    commessa_id,
    data,
    ore
) values (
    104,
    1,
    1,
    1,
    sysdate - 7,
    60
);

insert into d171_attivita (
    id,
    dipendente_id,
    cliente_id,
    commessa_id,
    data,
    ore
) values (
    105,
    3,
    2,
    5,
    sysdate - 15,
    40
);

insert into d171_attivita (
    id,
    dipendente_id,
    cliente_id,
    commessa_id,
    data,
    ore
) values (
    106,
    1,
    5,
    1,
    sysdate - 24,
    20
);

insert into d171_attivita (
    id,
    dipendente_id,
    cliente_id,
    commessa_id,
    data,
    ore
) values (
    107,
    4,
    1,
    3,
    sysdate - 47,
    20
);

insert into d171_attivita (
    id,
    dipendente_id,
    cliente_id,
    commessa_id,
    data,
    ore
) values (
    108,
    2,
    4,
    4,
    sysdate - 46,
    11
);

insert into d171_attivita (
    id,
    dipendente_id,
    cliente_id,
    commessa_id,
    data,
    ore
) values (
    109,
    1,
    1,
    2,
    sysdate - 27,
    16
);

insert into d171_attivita (
    id,
    dipendente_id,
    cliente_id,
    commessa_id,
    data,
    ore
) values (
    110,
    4,
    4,
    2,
    sysdate - 34,
    67
);

insert into d171_attivita (
    id,
    dipendente_id,
    cliente_id,
    commessa_id,
    data,
    ore
) values (
    111,
    4,
    3,
    3,
    sysdate - 35,
    89
);

insert into d171_attivita (
    id,
    dipendente_id,
    cliente_id,
    commessa_id,
    data,
    ore
) values (
    112,
    5,
    3,
    4,
    sysdate - 63,
    59
);

insert into d171_attivita (
    id,
    dipendente_id,
    cliente_id,
    commessa_id,
    data,
    ore
) values (
    113,
    1,
    1,
    5,
    sysdate - 12,
    11
);

insert into d171_attivita (
    id,
    dipendente_id,
    cliente_id,
    commessa_id,
    data,
    ore
) values (
    114,
    3,
    4,
    4,
    sysdate - 16,
    23
);

insert into d171_attivita (
    id,
    dipendente_id,
    cliente_id,
    commessa_id,
    data,
    ore
) values (
    115,
    2,
    2,
    5,
    sysdate - 91,
    6
);

insert into d171_attivita (
    id,
    dipendente_id,
    cliente_id,
    commessa_id,
    data,
    ore
) values (
    116,
    4,
    3,
    4,
    sysdate - 45,
    93
);

insert into d171_attivita (
    id,
    dipendente_id,
    cliente_id,
    commessa_id,
    data,
    ore
) values (
    117,
    3,
    2,
    5,
    sysdate - 85,
    5
);

insert into d171_attivita (
    id,
    dipendente_id,
    cliente_id,
    commessa_id,
    data,
    ore
) values (
    118,
    3,
    5,
    5,
    sysdate - 18,
    13
);

insert into d171_attivita (
    id,
    dipendente_id,
    cliente_id,
    commessa_id,
    data,
    ore
) values (
    119,
    1,
    2,
    1,
    sysdate - 9,
    78
);

insert into d171_attivita (
    id,
    dipendente_id,
    cliente_id,
    commessa_id,
    data,
    ore
) values (
    120,
    3,
    2,
    5,
    sysdate - 96,
    86
);

insert into d171_attivita (
    id,
    dipendente_id,
    cliente_id,
    commessa_id,
    data,
    ore
) values (
    121,
    4,
    2,
    5,
    sysdate - 57,
    90
);

insert into d171_attivita (
    id,
    dipendente_id,
    cliente_id,
    commessa_id,
    data,
    ore
) values (
    122,
    4,
    3,
    5,
    sysdate - 63,
    39
);

insert into d171_attivita (
    id,
    dipendente_id,
    cliente_id,
    commessa_id,
    data,
    ore
) values (
    123,
    4,
    5,
    5,
    sysdate - 4,
    17
);

insert into d171_attivita (
    id,
    dipendente_id,
    cliente_id,
    commessa_id,
    data,
    ore
) values (
    124,
    2,
    1,
    4,
    sysdate - 97,
    39
);

insert into d171_attivita (
    id,
    dipendente_id,
    cliente_id,
    commessa_id,
    data,
    ore
) values (
    125,
    5,
    2,
    3,
    sysdate - 36,
    45
);

insert into d171_attivita (
    id,
    dipendente_id,
    cliente_id,
    commessa_id,
    data,
    ore
) values (
    126,
    3,
    1,
    5,
    sysdate - 73,
    48
);

insert into d171_attivita (
    id,
    dipendente_id,
    cliente_id,
    commessa_id,
    data,
    ore
) values (
    127,
    4,
    1,
    5,
    sysdate - 2,
    16
);

insert into d171_attivita (
    id,
    dipendente_id,
    cliente_id,
    commessa_id,
    data,
    ore
) values (
    128,
    5,
    2,
    1,
    sysdate - 48,
    14
);

insert into d171_attivita (
    id,
    dipendente_id,
    cliente_id,
    commessa_id,
    data,
    ore
) values (
    129,
    3,
    5,
    3,
    sysdate - 45,
    1
);

insert into d171_attivita (
    id,
    dipendente_id,
    cliente_id,
    commessa_id,
    data,
    ore
) values (
    130,
    1,
    1,
    3,
    sysdate - 51,
    63
);

insert into d171_attivita (
    id,
    dipendente_id,
    cliente_id,
    commessa_id,
    data,
    ore
) values (
    131,
    5,
    2,
    2,
    sysdate - 87,
    28
);

insert into d171_attivita (
    id,
    dipendente_id,
    cliente_id,
    commessa_id,
    data,
    ore
) values (
    132,
    4,
    4,
    2,
    sysdate - 3,
    86
);

insert into d171_attivita (
    id,
    dipendente_id,
    cliente_id,
    commessa_id,
    data,
    ore
) values (
    133,
    1,
    4,
    4,
    sysdate - 10,
    78
);

insert into d171_attivita (
    id,
    dipendente_id,
    cliente_id,
    commessa_id,
    data,
    ore
) values (
    134,
    5,
    2,
    2,
    sysdate - 72,
    64
);

insert into d171_attivita (
    id,
    dipendente_id,
    cliente_id,
    commessa_id,
    data,
    ore
) values (
    135,
    5,
    3,
    3,
    sysdate - 36,
    16
);

insert into d171_attivita (
    id,
    dipendente_id,
    cliente_id,
    commessa_id,
    data,
    ore
) values (
    136,
    4,
    1,
    3,
    sysdate - 65,
    83
);

insert into d171_attivita (
    id,
    dipendente_id,
    cliente_id,
    commessa_id,
    data,
    ore
) values (
    137,
    1,
    1,
    1,
    sysdate - 65,
    86
);

insert into d171_attivita (
    id,
    dipendente_id,
    cliente_id,
    commessa_id,
    data,
    ore
) values (
    138,
    3,
    2,
    1,
    sysdate - 26,
    5
);

insert into d171_attivita (
    id,
    dipendente_id,
    cliente_id,
    commessa_id,
    data,
    ore
) values (
    139,
    5,
    4,
    1,
    sysdate - 55,
    16
);

insert into d171_attivita (
    id,
    dipendente_id,
    cliente_id,
    commessa_id,
    data,
    ore
) values (
    140,
    5,
    4,
    1,
    sysdate - 22,
    13
);

insert into d171_attivita (
    id,
    dipendente_id,
    cliente_id,
    commessa_id,
    data,
    ore
) values (
    141,
    5,
    1,
    4,
    sysdate - 69,
    63
);

insert into d171_attivita (
    id,
    dipendente_id,
    cliente_id,
    commessa_id,
    data,
    ore
) values (
    142,
    4,
    1,
    4,
    sysdate - 81,
    57
);

insert into d171_attivita (
    id,
    dipendente_id,
    cliente_id,
    commessa_id,
    data,
    ore
) values (
    143,
    2,
    3,
    2,
    sysdate - 39,
    51
);

insert into d171_attivita (
    id,
    dipendente_id,
    cliente_id,
    commessa_id,
    data,
    ore
) values (
    144,
    5,
    3,
    4,
    sysdate - 18,
    52
);

insert into d171_attivita (
    id,
    dipendente_id,
    cliente_id,
    commessa_id,
    data,
    ore
) values (
    145,
    5,
    2,
    5,
    sysdate - 77,
    76
);

insert into d171_attivita (
    id,
    dipendente_id,
    cliente_id,
    commessa_id,
    data,
    ore
) values (
    146,
    3,
    2,
    1,
    sysdate - 20,
    98
);

insert into d171_attivita (
    id,
    dipendente_id,
    cliente_id,
    commessa_id,
    data,
    ore
) values (
    147,
    1,
    4,
    5,
    sysdate - 32,
    95
);

insert into d171_attivita (
    id,
    dipendente_id,
    cliente_id,
    commessa_id,
    data,
    ore
) values (
    148,
    3,
    3,
    1,
    sysdate - 15,
    6
);

insert into d171_attivita (
    id,
    dipendente_id,
    cliente_id,
    commessa_id,
    data,
    ore
) values (
    149,
    2,
    3,
    5,
    sysdate - 16,
    12
);

insert into d171_attivita (
    id,
    dipendente_id,
    cliente_id,
    commessa_id,
    data,
    ore
) values (
    150,
    4,
    1,
    2,
    sysdate - 72,
    66
);

insert into d171_attivita (
    id,
    dipendente_id,
    cliente_id,
    commessa_id,
    data,
    ore
) values (
    151,
    5,
    2,
    2,
    sysdate - 26,
    26
);

insert into d171_attivita (
    id,
    dipendente_id,
    cliente_id,
    commessa_id,
    data,
    ore
) values (
    152,
    4,
    4,
    5,
    sysdate - 44,
    26
);

insert into d171_attivita (
    id,
    dipendente_id,
    cliente_id,
    commessa_id,
    data,
    ore
) values (
    153,
    4,
    4,
    4,
    sysdate - 79,
    1
);

insert into d171_attivita (
    id,
    dipendente_id,
    cliente_id,
    commessa_id,
    data,
    ore
) values (
    154,
    4,
    4,
    1,
    sysdate - 41,
    49
);

insert into d171_attivita (
    id,
    dipendente_id,
    cliente_id,
    commessa_id,
    data,
    ore
) values (
    155,
    2,
    1,
    4,
    sysdate - 97,
    8
);

insert into d171_attivita (
    id,
    dipendente_id,
    cliente_id,
    commessa_id,
    data,
    ore
) values (
    156,
    4,
    1,
    1,
    sysdate - 27,
    71
);

insert into d171_attivita (
    id,
    dipendente_id,
    cliente_id,
    commessa_id,
    data,
    ore
) values (
    157,
    3,
    5,
    2,
    sysdate - 92,
    73
);

insert into d171_attivita (
    id,
    dipendente_id,
    cliente_id,
    commessa_id,
    data,
    ore
) values (
    158,
    4,
    3,
    4,
    sysdate - 87,
    20
);

insert into d171_attivita (
    id,
    dipendente_id,
    cliente_id,
    commessa_id,
    data,
    ore
) values (
    159,
    5,
    4,
    3,
    sysdate - 11,
    84
);

insert into d171_attivita (
    id,
    dipendente_id,
    cliente_id,
    commessa_id,
    data,
    ore
) values (
    160,
    1,
    3,
    4,
    sysdate - 70,
    29
);

insert into d171_attivita (
    id,
    dipendente_id,
    cliente_id,
    commessa_id,
    data,
    ore
) values (
    161,
    1,
    5,
    5,
    sysdate - 47,
    53
);

insert into d171_attivita (
    id,
    dipendente_id,
    cliente_id,
    commessa_id,
    data,
    ore
) values (
    162,
    2,
    2,
    3,
    sysdate - 76,
    28
);

insert into d171_attivita (
    id,
    dipendente_id,
    cliente_id,
    commessa_id,
    data,
    ore
) values (
    163,
    2,
    1,
    3,
    sysdate - 16,
    22
);

insert into d171_attivita (
    id,
    dipendente_id,
    cliente_id,
    commessa_id,
    data,
    ore
) values (
    164,
    4,
    4,
    5,
    sysdate - 64,
    60
);

insert into d171_attivita (
    id,
    dipendente_id,
    cliente_id,
    commessa_id,
    data,
    ore
) values (
    165,
    2,
    1,
    3,
    sysdate - 98,
    39
);

insert into d171_attivita (
    id,
    dipendente_id,
    cliente_id,
    commessa_id,
    data,
    ore
) values (
    166,
    1,
    2,
    1,
    sysdate - 67,
    37
);

insert into d171_attivita (
    id,
    dipendente_id,
    cliente_id,
    commessa_id,
    data,
    ore
) values (
    167,
    5,
    1,
    1,
    sysdate - 36,
    82
);

insert into d171_attivita (
    id,
    dipendente_id,
    cliente_id,
    commessa_id,
    data,
    ore
) values (
    168,
    2,
    3,
    3,
    sysdate - 54,
    94
);

insert into d171_attivita (
    id,
    dipendente_id,
    cliente_id,
    commessa_id,
    data,
    ore
) values (
    169,
    1,
    4,
    3,
    sysdate - 1,
    47
);

insert into d171_attivita (
    id,
    dipendente_id,
    cliente_id,
    commessa_id,
    data,
    ore
) values (
    170,
    3,
    1,
    4,
    sysdate - 79,
    64
);

insert into d171_attivita (
    id,
    dipendente_id,
    cliente_id,
    commessa_id,
    data,
    ore
) values (
    171,
    4,
    4,
    3,
    sysdate - 61,
    92
);

insert into d171_attivita (
    id,
    dipendente_id,
    cliente_id,
    commessa_id,
    data,
    ore
) values (
    172,
    4,
    4,
    1,
    sysdate - 82,
    77
);

insert into d171_attivita (
    id,
    dipendente_id,
    cliente_id,
    commessa_id,
    data,
    ore
) values (
    173,
    2,
    2,
    2,
    sysdate - 18,
    11
);

insert into d171_attivita (
    id,
    dipendente_id,
    cliente_id,
    commessa_id,
    data,
    ore
) values (
    174,
    4,
    2,
    1,
    sysdate - 91,
    40
);

insert into d171_attivita (
    id,
    dipendente_id,
    cliente_id,
    commessa_id,
    data,
    ore
) values (
    175,
    2,
    2,
    3,
    sysdate - 56,
    68
);

insert into d171_attivita (
    id,
    dipendente_id,
    cliente_id,
    commessa_id,
    data,
    ore
) values (
    176,
    5,
    5,
    4,
    sysdate - 71,
    20
);

insert into d171_attivita (
    id,
    dipendente_id,
    cliente_id,
    commessa_id,
    data,
    ore
) values (
    177,
    5,
    5,
    1,
    sysdate - 22,
    53
);

insert into d171_attivita (
    id,
    dipendente_id,
    cliente_id,
    commessa_id,
    data,
    ore
) values (
    178,
    4,
    5,
    4,
    sysdate - 84,
    70
);

insert into d171_attivita (
    id,
    dipendente_id,
    cliente_id,
    commessa_id,
    data,
    ore
) values (
    179,
    4,
    1,
    5,
    sysdate - 12,
    56
);

insert into d171_attivita (
    id,
    dipendente_id,
    cliente_id,
    commessa_id,
    data,
    ore
) values (
    180,
    1,
    2,
    5,
    sysdate - 9,
    4
);

insert into d171_attivita (
    id,
    dipendente_id,
    cliente_id,
    commessa_id,
    data,
    ore
) values (
    181,
    5,
    4,
    4,
    sysdate - 40,
    53
);

insert into d171_attivita (
    id,
    dipendente_id,
    cliente_id,
    commessa_id,
    data,
    ore
) values (
    182,
    1,
    4,
    1,
    sysdate - 76,
    18
);

insert into d171_attivita (
    id,
    dipendente_id,
    cliente_id,
    commessa_id,
    data,
    ore
) values (
    183,
    1,
    4,
    5,
    sysdate - 88,
    77
);

insert into d171_attivita (
    id,
    dipendente_id,
    cliente_id,
    commessa_id,
    data,
    ore
) values (
    184,
    2,
    4,
    2,
    sysdate - 63,
    70
);

insert into d171_attivita (
    id,
    dipendente_id,
    cliente_id,
    commessa_id,
    data,
    ore
) values (
    185,
    5,
    3,
    3,
    sysdate - 26,
    83
);

insert into d171_attivita (
    id,
    dipendente_id,
    cliente_id,
    commessa_id,
    data,
    ore
) values (
    186,
    3,
    3,
    3,
    sysdate - 17,
    22
);

insert into d171_attivita (
    id,
    dipendente_id,
    cliente_id,
    commessa_id,
    data,
    ore
) values (
    187,
    4,
    1,
    5,
    sysdate - 46,
    51
);

insert into d171_attivita (
    id,
    dipendente_id,
    cliente_id,
    commessa_id,
    data,
    ore
) values (
    188,
    3,
    2,
    1,
    sysdate - 70,
    87
);

insert into d171_attivita (
    id,
    dipendente_id,
    cliente_id,
    commessa_id,
    data,
    ore
) values (
    189,
    5,
    1,
    3,
    sysdate - 84,
    48
);

insert into d171_attivita (
    id,
    dipendente_id,
    cliente_id,
    commessa_id,
    data,
    ore
) values (
    190,
    5,
    2,
    1,
    sysdate - 76,
    46
);

insert into d171_attivita (
    id,
    dipendente_id,
    cliente_id,
    commessa_id,
    data,
    ore
) values (
    191,
    4,
    4,
    1,
    sysdate - 4,
    57
);

insert into d171_attivita (
    id,
    dipendente_id,
    cliente_id,
    commessa_id,
    data,
    ore
) values (
    192,
    5,
    3,
    4,
    sysdate - 93,
    100
);

insert into d171_attivita (
    id,
    dipendente_id,
    cliente_id,
    commessa_id,
    data,
    ore
) values (
    193,
    5,
    2,
    5,
    sysdate - 16,
    65
);

insert into d171_attivita (
    id,
    dipendente_id,
    cliente_id,
    commessa_id,
    data,
    ore
) values (
    194,
    4,
    2,
    3,
    sysdate - 41,
    86
);

insert into d171_attivita (
    id,
    dipendente_id,
    cliente_id,
    commessa_id,
    data,
    ore
) values (
    195,
    3,
    5,
    5,
    sysdate - 76,
    32
);

insert into d171_attivita (
    id,
    dipendente_id,
    cliente_id,
    commessa_id,
    data,
    ore
) values (
    196,
    1,
    3,
    2,
    sysdate - 68,
    6
);

insert into d171_attivita (
    id,
    dipendente_id,
    cliente_id,
    commessa_id,
    data,
    ore
) values (
    197,
    2,
    1,
    1,
    sysdate - 79,
    24
);

insert into d171_attivita (
    id,
    dipendente_id,
    cliente_id,
    commessa_id,
    data,
    ore
) values (
    198,
    5,
    2,
    4,
    sysdate - 47,
    43
);

insert into d171_attivita (
    id,
    dipendente_id,
    cliente_id,
    commessa_id,
    data,
    ore
) values (
    199,
    2,
    4,
    1,
    sysdate - 47,
    80
);

insert into d171_attivita (
    id,
    dipendente_id,
    cliente_id,
    commessa_id,
    data,
    ore
) values (
    200,
    3,
    1,
    4,
    sysdate - 99,
    29
);

commit;

alter table d171_attivita
modify id generated always as identity restart start with 201;
 
 
-- Generated by Quick SQL Lunedì Novembre 28, 2022  09:58:36
 
/*
dipendente /insert 5
  dipendente /nn /values francesca, marco, anna, simone, paola /unique
  tariffa num /nn /values 200,150 

cliente /insert 5
  cliente vc50 /nn /values cliente_01,cliente_02,cliente_03,cliente_04,cliente_05 /unique

commessa /insert 5
  commessa vc30 /nn /values COMM01, COMM02, COMM03, COMM04, COMM05 /unique

attivita /insert 200
  dipendente_id /nn
  cliente_id /nn
  commessa_id vc100 /nn
  data d /nn
  ore num /nn
#ondelete: restrict

# settings = { prefix: "D171", onDelete: "RESTRICT", semantics: "CHAR", language: "EN", APEX: true }
*/

